{"cameraMode":{"drawMode":0,"name":"Shaded","section":"Shading Mode"},"sceneLighting":false,"audioPlay":false,"sceneViewState":{"showFog":true,"showMaterialUpdate":false,"showSkybox":false,"showFlares":true,"showImageEffects":true,"showParticleSystems":true},"in2DMode":false,"pivot":{"x":-0.00017344951629638672,"y":0.42964696884155276,"z":-0.0037566721439361574},"rotation":{"x":0.07431289553642273,"y":-0.8825199007987976,"z":0.14912718534469605,"w":0.4397696256637573},"size":2.132030963897705,"orthographic":true}