{"cameraMode":{"drawMode":0,"name":"Shaded","section":"Shading Mode"},"sceneLighting":false,"audioPlay":false,"sceneViewState":{"showFog":true,"showMaterialUpdate":false,"showSkybox":false,"showFlares":true,"showImageEffects":true,"showParticleSystems":true},"in2DMode":false,"pivot":{"x":0.5999984741210938,"y":15.0,"z":5.6999969482421879},"rotation":{"x":0.7019318342208862,"y":-0.07633340358734131,"z":0.0761047825217247,"w":0.7040404081344605},"size":376.6194763183594,"orthographic":true}