{"cameraMode":{"drawMode":0,"name":"Shaded","section":"Shading Mode"},"sceneLighting":true,"audioPlay":false,"sceneViewState":{"showFog":true,"showMaterialUpdate":false,"showSkybox":true,"showFlares":true,"showImageEffects":true,"showParticleSystems":true},"in2DMode":false,"pivot":{"x":-24.385986328125,"y":10.171875,"z":1.556396484375},"rotation":{"x":-0.701641857624054,"y":0.057060107588768008,"z":-0.056531865149736407,"w":-0.707987904548645},"size":75.34341430664063,"orthographic":true}