{"cameraMode":{"drawMode":0,"name":"Shaded","section":"Shading Mode"},"sceneLighting":false,"audioPlay":false,"sceneViewState":{"showFog":true,"showMaterialUpdate":false,"showSkybox":false,"showFlares":true,"showImageEffects":true,"showParticleSystems":true},"in2DMode":false,"pivot":{"x":-0.012399107217788697,"y":0.5500205755233765,"z":-0.005895644426345825},"rotation":{"x":-0.5084290504455566,"y":0.009821336716413498,"z":-0.005801106337457895,"w":-0.8610283136367798},"size":2.2264583110809328,"orthographic":true}