{"cameraMode":{"drawMode":0,"name":"Shaded","section":"Shading Mode"},"sceneLighting":false,"audioPlay":false,"sceneViewState":{"showFog":true,"showMaterialUpdate":false,"showSkybox":false,"showFlares":true,"showImageEffects":true,"showParticleSystems":true},"in2DMode":false,"pivot":{"x":0.000994466245174408,"y":0.010079406201839447,"z":0.0010346770286560059},"rotation":{"x":0.6232656240463257,"y":-0.3675523102283478,"z":0.4157949388027191,"w":0.5509627461433411},"size":0.6715235114097595,"orthographic":true}