{"cameraMode":{"drawMode":0,"name":"Shaded","section":"Shading Mode"},"sceneLighting":false,"audioPlay":false,"sceneViewState":{"showFog":true,"showMaterialUpdate":false,"showSkybox":false,"showFlares":true,"showImageEffects":true,"showParticleSystems":true},"in2DMode":false,"pivot":{"x":-0.0010434389114379883,"y":0.5415689945220947,"z":0.004268825054168701},"rotation":{"x":0.07431288808584213,"y":-0.8825198411941528,"z":0.14912717044353486,"w":0.43976959586143496},"size":5.672052383422852,"orthographic":true}