{"cameraMode":{"drawMode":0,"name":"Shaded","section":"Shading Mode"},"sceneLighting":false,"audioPlay":false,"sceneViewState":{"showFog":true,"showMaterialUpdate":false,"showSkybox":false,"showFlares":true,"showImageEffects":true,"showParticleSystems":true},"in2DMode":false,"pivot":{"x":0.05962347984313965,"y":0.0027373135089874269,"z":-0.01595062017440796},"rotation":{"x":0.6232656240463257,"y":-0.3675523102283478,"z":0.4157949388027191,"w":0.5509627461433411},"size":4.281674385070801,"orthographic":true}